,Date,label_finbert,label_distilbert,Open,High,Low,Close,Adj Close,Volume
4,2019-07-24,1,1,178.0,178.9600067138672,176.93800354003906,178.6699981689453,178.6699981689453,14933100.0
5,2019-07-25,2,2,178.49000549316406,179.14999389648438,175.36900329589844,177.2899932861328,177.2899932861328,14049000.0
6,2019-07-30,2,2,174.25,175.7100067138672,172.88999938964844,174.10000610351562,174.10000610351562,14300600.0
7,2019-08-05,2,0,155.02999877929688,157.22999572753906,151.85000610351562,153.6699981689453,153.6699981689453,28912600.0
8,2019-08-06,0,0,158.47999572753906,158.72999572753906,156.11000061035156,157.42999267578125,157.42999267578125,24996300.0
9,2019-08-11,2,2,158.47999572753906,158.72999572753906,156.11000061035156,157.42999267578125,157.42999267578125,24996300.0
10,2019-08-12,1,2,157.5,159.36000061035156,155.5399932861328,159.30999755859375,159.30999755859375,13566900.0
11,2019-08-13,2,2,160.63999938964844,167.36000061035156,159.57000732421875,164.02999877929688,164.02999877929688,22842900.0
12,2019-08-14,0,2,161.33999633789062,163.0,159.2100067138672,162.05999755859375,162.05999755859375,20803700.0
13,2019-08-15,2,2,170.11000061035156,171.0,164.36000061035156,166.97000122070312,166.97000122070312,36343500.0
14,2019-08-16,1,0,170.0,177.5500030517578,168.57000732421875,174.60000610351562,174.60000610351562,25952500.0
15,2019-08-17,1,2,170.0,177.5500030517578,168.57000732421875,174.60000610351562,174.60000610351562,25952500.0
16,2019-08-21,0,2,177.22000122070312,178.5,174.88999938964844,175.24000549316406,175.24000549316406,10615700.0
17,2019-08-23,1,1,169.69000244140625,171.49000549316406,163.83099365234375,164.5399932861328,164.5399932861328,20871500.0
18,2019-08-24,1,1,169.69000244140625,171.49000549316406,163.83099365234375,164.5399932861328,164.5399932861328,20871500.0
19,2019-08-28,1,2,164.63999938964844,168.0,164.1999969482422,167.47999572753906,167.47999572753906,9507400.0
20,2019-08-29,1,1,171.0,173.9600067138672,170.9499969482422,172.80999755859375,172.80999755859375,11565400.0
21,2019-08-30,2,2,174.35000610351562,175.25,172.66000366210938,175.02999877929688,175.02999877929688,10293400.0
22,2019-08-31,1,1,174.35000610351562,175.25,172.66000366210938,175.02999877929688,175.02999877929688,10293400.0
23,2019-09-04,1,2,176.25999450683594,176.5500030517578,173.99000549316406,174.3300018310547,174.3300018310547,7208900.0
24,2019-09-05,1,0,176.8800048828125,178.9499969482422,176.52000427246094,178.94000244140625,178.94000244140625,11154300.0
25,2019-09-06,1,0,179.00999450683594,179.22000122070312,176.2100067138672,176.69000244140625,176.69000244140625,8304000.0
26,2019-09-10,1,0,176.27999877929688,176.3000030517578,172.22000122070312,174.99000549316406,174.99000549316406,9835000.0
27,2019-09-13,1,1,179.74000549316406,180.17999267578125,178.61000061035156,179.1699981689453,179.1699981689453,9479700.0
28,2019-09-17,1,2,176.85000610351562,179.1199951171875,176.0500030517578,179.0,179.0,7481000.0
29,2019-09-18,1,1,179.14999389648438,180.1699981689453,177.5800018310547,180.0,180.0,9233300.0
30,2019-09-19,1,1,180.8999938964844,184.1300048828125,180.42999267578125,180.4600067138672,180.4600067138672,15119800.0
31,2019-09-20,1,0,182.30999755859372,183.82000732421875,178.83999633789062,182.50999450683597,182.50999450683597,24517800.0
32,2019-09-22,1,1,182.30999755859372,183.82000732421875,178.83999633789062,182.50999450683597,182.50999450683597,24517800.0
33,2019-09-23,2,2,181.25,181.3300018310547,176.8000030517578,176.97999572753906,176.97999572753906,14047400.0
34,2019-09-24,2,2,179.1699981689453,179.49000549316406,171.3000030517578,171.5500030517578,171.5500030517578,14324600.0
35,2019-09-27,1,1,176.0,176.5,163.14999389648438,165.97999572753906,165.97999572753906,33287500.0
36,2019-09-28,1,2,176.0,176.5,163.14999389648438,165.97999572753906,165.97999572753906,33287500.0
37,2019-09-29,1,2,176.0,176.5,163.14999389648438,165.97999572753906,165.97999572753906,33287500.0
38,2019-09-30,1,2,169.88699340820312,170.1999969482422,166.4499969482422,167.22999572753906,167.22999572753906,14866800.0
39,2019-10-02,1,1,162.82000732421875,166.8800048828125,161.89999389648438,165.77000427246094,165.77000427246094,11526500.0
40,2019-10-03,2,1,166.64999389648438,170.17999267578125,165.0,169.47999572753906,169.47999572753906,10305000.0
41,2019-10-04,2,0,169.60000610351562,170.6999969482422,167.55999755859375,170.33999633789062,170.33999633789062,8715200.0
42,2019-10-07,1,2,168.8300018310547,172.3000030517578,167.2100067138672,168.32000732421875,168.32000732421875,11993000.0
43,2019-10-08,1,1,164.3000030517578,165.22000122070312,161.67999267578125,161.92999267578125,161.92999267578125,15833100.0
44,2019-10-09,0,0,165.5,166.5800018310547,163.4199981689453,165.19000244140625,165.19000244140625,10943100.0
45,2019-10-10,2,2,165.9600067138672,168.57000732421875,164.08999633789062,166.07000732421875,166.07000732421875,11462400.0
46,2019-10-11,1,0,170.77000427246094,174.8800048828125,169.57000732421875,172.94000244140625,172.94000244140625,19247400.0
47,2019-10-15,2,2,172.91000366210938,176.75,172.69000244140625,175.2899932861328,175.2899932861328,13753000.0
48,2019-10-16,1,1,175.8000030517578,177.35000610351562,174.1199951171875,177.1199951171875,177.1199951171875,10858700.0
49,2019-10-18,2,2,176.0,176.22999572753906,169.0,169.1300048828125,169.1300048828125,14575700.0
50,2019-10-22,2,0,174.52999877929688,175.36000061035156,169.25999450683594,169.88999938964844,169.88999938964844,10867100.0
51,2019-10-23,1,2,170.4499969482422,171.0399932861328,168.1199951171875,169.9199981689453,169.9199981689453,8853700.0
52,2019-10-25,2,0,171.55999755859375,175.80999755859375,170.8800048828125,174.30999755859375,174.30999755859375,9891800.0
53,2019-10-30,2,0,175.4199981689453,177.8800048828125,173.93600463867188,177.52999877929688,177.52999877929688,10213200.0
54,2019-10-31,1,2,179.16000366210938,179.24000549316406,175.5,176.6699981689453,176.6699981689453,15119000.0
55,2019-11-01,2,2,179.00999450683594,182.1199951171875,176.05999755859375,176.4600067138672,176.4600067138672,28924100.0
56,2019-11-02,1,2,179.00999450683594,182.1199951171875,176.05999755859375,176.4600067138672,176.4600067138672,28924100.0
57,2019-11-03,1,1,179.00999450683594,182.1199951171875,176.05999755859375,176.4600067138672,176.4600067138672,28924100.0
58,2019-11-04,1,0,180.66000366210935,182.3999938964844,178.02000427246094,179.69000244140625,179.69000244140625,44541200.0
59,2019-11-05,0,1,181.4199981689453,183.1999969482422,180.30999755859372,182.0,182.0,23690200.0
60,2019-11-06,1,1,183.6100006103516,185.0,182.1999969482422,184.16000366210935,184.16000366210935,14834900.0
61,2019-11-08,1,0,187.9019927978516,188.27999877929688,185.1499938964844,187.16000366210935,187.16000366210935,19718100.0
62,2019-11-09,1,2,187.9019927978516,188.27999877929688,185.1499938964844,187.16000366210935,187.16000366210935,19718100.0
63,2019-11-11,2,2,184.82000732421875,187.1999969482422,181.3699951171875,186.7100067138672,186.7100067138672,20561500.0
64,2019-11-12,2,0,185.91000366210935,187.6499938964844,185.13999938964844,186.97000122070312,186.97000122070312,11797600.0
65,2019-11-13,1,2,185.47000122070312,185.6739959716797,181.0,182.47999572753903,182.47999572753903,14977700.0
66,2019-11-14,1,1,182.8699951171875,184.5,181.3209991455078,182.8000030517578,182.8000030517578,12712800.0
67,2019-11-15,1,2,184.0,185.6000061035156,183.7100067138672,185.4900054931641,185.4900054931641,11296400.0
68,2019-11-16,2,1,184.0,185.6000061035156,183.7100067138672,185.4900054931641,185.4900054931641,11296400.0
69,2019-11-17,1,2,184.0,185.6000061035156,183.7100067138672,185.4900054931641,185.4900054931641,11296400.0
70,2019-11-18,1,1,186.97999572753903,186.97999572753903,184.16000366210935,184.6100006103516,184.6100006103516,11822900.0
71,2019-11-19,0,0,186.30999755859372,186.7100067138672,183.8699951171875,185.25,185.25,13407200.0
72,2019-11-20,2,2,183.6699981689453,183.6999969482422,181.05999755859372,182.3500061035156,182.3500061035156,16684600.0
73,2019-11-22,0,0,185.8000030517578,186.77999877929688,183.93499755859372,186.77999877929688,186.77999877929688,10541000.0
74,2019-11-23,1,2,185.8000030517578,186.77999877929688,183.93499755859372,186.77999877929688,186.77999877929688,10541000.0
75,2019-11-24,1,2,185.8000030517578,186.77999877929688,183.93499755859372,186.77999877929688,186.77999877929688,10541000.0
76,2019-11-25,0,0,188.32000732421875,190.72000122070312,187.8800048828125,190.4499969482422,190.4499969482422,19157700.0
77,2019-11-26,2,0,190.38999938964844,195.0,189.0399932861328,194.6999969482422,194.6999969482422,51832300.0
78,2019-11-27,1,1,197.2400054931641,200.97999572753903,197.0,200.82000732421875,200.82000732421875,33040500.0
79,2019-11-29,2,1,199.80999755859372,200.42999267578125,198.3500061035156,200.0,200.0,18593100.0
80,2019-12-02,1,1,198.5800018310547,198.6699981689453,193.50999450683597,196.30999755859372,196.30999755859372,19357700.0
81,2019-12-03,1,1,190.97000122070312,195.0,189.8500061035156,194.8999938964844,194.8999938964844,18355300.0
82,2019-12-04,2,0,195.52999877929688,196.66000366210935,193.22999572753903,193.7400054931641,193.7400054931641,14849300.0
83,2019-12-06,1,0,201.1100006103516,202.0,199.50999450683597,201.88999938964844,201.88999938964844,14087300.0
84,2019-12-07,2,1,201.1100006103516,202.0,199.50999450683597,201.88999938964844,201.88999938964844,14087300.0
85,2019-12-09,2,2,200.32000732421875,203.42999267578125,198.5500030517578,198.7400054931641,198.7400054931641,14258100.0
86,2019-12-16,1,1,206.3300018310547,209.1499938964844,206.19000244140625,206.97000122070312,206.97000122070312,16734300.0
87,2019-12-20,2,2,211.3500061035156,213.97999572753903,210.4199981689453,212.25,212.25,26670000.0
88,2019-12-23,2,2,213.25,215.0500030517578,212.91000366210935,214.8300018310547,214.8300018310547,12535000.0
89,2019-12-24,2,2,215.00999450683597,215.42999267578125,213.3500061035156,214.25999450683597,214.25999450683597,5523000.0
90,2020-01-02,2,2,216.6000061035156,219.97999572753903,216.5399932861328,219.7700042724609,219.7700042724609,15873500.0
91,2020-01-03,1,0,216.3500061035156,218.2030029296875,216.00999450683597,217.0,217.0,8604500.0
92,2020-01-06,1,1,214.88999938964844,217.16000366210935,214.08999633789065,216.63999938964844,216.63999938964844,11885500.0
93,2020-01-11,2,2,214.88999938964844,217.16000366210935,214.08999633789065,216.63999938964844,216.63999938964844,11885500.0
94,2020-01-12,2,2,214.88999938964844,217.16000366210935,214.08999633789065,216.63999938964844,216.63999938964844,11885500.0
95,2020-01-14,1,2,230.0500030517578,230.1750030517578,224.8800048828125,226.4900054931641,226.4900054931641,17266900.0
96,2020-01-15,1,2,226.6499938964844,227.82000732421875,224.38999938964844,225.05999755859372,225.05999755859372,10743400.0
97,2020-01-17,0,0,225.8999938964844,228.0,225.3500061035156,227.42999267578125,227.42999267578125,12956200.0
98,2020-01-18,2,2,225.8999938964844,228.0,225.3500061035156,227.42999267578125,227.42999267578125,12956200.0
99,2020-01-21,1,0,222.4499969482422,222.6000061035156,220.72999572753903,222.25999450683597,222.25999450683597,15831100.0
100,2020-01-23,2,0,217.92999267578125,220.1300048828125,216.7700042724609,219.1300048828125,219.1300048828125,18519900.0
101,2020-01-27,0,0,201.22000122070312,208.0200042724609,199.5,205.47000122070312,205.47000122070312,24574700.0
102,2020-01-28,0,0,209.7400054931641,210.91000366210935,207.1699981689453,210.22999572753903,210.22999572753903,16196700.0
103,2020-01-31,0,0,206.5,207.92999267578125,204.72799682617188,206.58999633789065,206.58999633789065,18181400.0
104,2020-02-01,1,1,206.5,207.92999267578125,204.72799682617188,206.58999633789065,206.58999633789065,18181400.0
105,2020-02-03,1,0,208.6699981689453,215.0200042724609,208.6699981689453,213.1000061035156,213.1000061035156,14118800.0
106,2020-02-04,2,0,221.3500061035156,224.3800048828125,220.4900054931641,222.8800048828125,222.8800048828125,16695100.0
107,2020-02-05,1,2,226.5200042724609,226.6999969482422,217.5399932861328,220.22000122070312,220.22000122070312,15766100.0
108,2020-02-09,0,1,226.5200042724609,226.6999969482422,217.5399932861328,220.22000122070312,220.22000122070312,15766100.0
109,2020-02-10,2,0,213.5,215.7700042724609,212.1999969482422,215.7700042724609,215.7700042724609,17420300.0
110,2020-02-11,1,2,219.91000366210935,220.00999450683597,215.2899932861328,217.2100067138672,217.2100067138672,16073500.0
111,2020-02-13,1,0,220.0,225.0,218.9900054931641,220.3600006103516,220.3600006103516,28069700.0
112,2020-02-14,2,0,221.1000061035156,221.63999938964844,218.22999572753903,219.6300048828125,219.6300048828125,10690000.0
113,2020-02-18,1,2,218.5500030517578,220.8500061035156,217.50999450683597,220.5200042724609,220.5200042724609,12987000.0
114,2020-02-19,2,1,221.5200042724609,223.55999755859372,220.75,222.13999938964844,222.13999938964844,10798100.0
115,2020-02-22,1,1,221.5200042724609,223.55999755859372,220.75,222.13999938964844,222.13999938964844,10798100.0
116,2020-02-25,1,1,208.50999450683597,209.9499969482422,204.1000061035156,205.6100006103516,205.6100006103516,18132400.0
117,2020-02-27,1,0,205.00999450683597,209.97000122070312,201.8600006103516,205.02999877929688,205.02999877929688,22741200.0
118,2020-02-28,1,1,198.97999572753903,208.9199981689453,198.56100463867188,208.0,208.0,31251100.0
119,2020-02-29,1,2,198.97999572753903,208.9199981689453,198.56100463867188,208.0,208.0,31251100.0
120,2020-03-04,2,2,209.4900054931641,212.6999969482422,208.8500061035156,211.9600067138672,211.9600067138672,12474400.0
121,2020-03-07,1,2,209.4900054931641,212.6999969482422,208.8500061035156,211.9600067138672,211.9600067138672,12474400.0
122,2020-03-13,1,2,194.8999938964844,195.9900054931641,187.80999755859372,194.0,194.0,23650500.0
123,2020-03-18,2,2,176.0,182.41000366210935,170.0,180.0,180.0,22054200.0
124,2020-03-20,2,1,187.7400054931641,188.3000030517578,180.0,181.3000030517578,181.3000030517578,21006100.0
125,2020-03-24,2,0,183.08999633789065,188.8000030517578,181.17999267578125,185.75,185.75,20801500.0
126,2020-03-25,2,2,185.82000732421875,195.19000244140625,184.51499938964844,188.55999755859372,188.55999755859372,19605200.0
127,2020-03-26,1,1,188.63999938964844,196.32000732421875,187.6000061035156,195.32000732421875,195.32000732421875,15416800.0
128,2020-04-05,0,1,188.63999938964844,196.32000732421875,187.6000061035156,195.32000732421875,195.32000732421875,15416800.0
129,2020-04-06,1,2,194.7400054931641,196.8800048828125,192.6999969482422,196.4499969482422,196.4499969482422,13248700.0
130,2020-04-09,2,0,198.6499938964844,200.3500061035156,193.3999938964844,196.3699951171875,196.3699951171875,17821300.0
131,2020-04-13,2,2,197.3999938964844,200.3249969482422,195.52999877929688,199.44000244140625,199.44000244140625,16117900.0
132,2020-04-14,1,2,204.9499969482422,207.97000122070312,204.25,204.77999877929688,204.77999877929688,16757100.0
133,2020-04-20,1,2,209.8699951171875,216.1000061035156,209.3600006103516,212.1300048828125,212.1300048828125,19295400.0
134,2020-04-27,1,2,207.5500030517578,207.77999877929688,202.02999877929688,203.69000244140625,203.69000244140625,17286800.0
135,2020-05-01,0,1,195.75,197.3800048828125,192.8600006103516,194.47999572753903,194.47999572753903,22276200.0
136,2020-05-07,1,1,198.0,198.08999633789065,194.77999877929688,196.4900054931641,196.4900054931641,16164600.0
137,2020-05-08,1,1,199.8000030517578,203.0200042724609,198.67999267578125,201.19000244140625,201.19000244140625,23819700.0
138,2020-05-14,2,2,195.5,201.7700042724609,194.02999877929688,201.3000030517578,201.3000030517578,20025900.0
139,2020-05-15,1,1,200.6999969482422,204.4900054931641,200.1000061035156,203.67999267578125,203.67999267578125,17209500.0
140,2020-05-16,2,0,200.6999969482422,204.4900054931641,200.1000061035156,203.67999267578125,203.67999267578125,17209500.0
141,2020-05-17,1,1,200.6999969482422,204.4900054931641,200.1000061035156,203.67999267578125,203.67999267578125,17209500.0
142,2020-05-18,1,2,212.5,215.47000122070312,210.3699951171875,215.27999877929688,215.27999877929688,23556600.0
143,2020-05-19,0,1,216.72999572753903,220.58999633789065,215.19000244140625,217.1999969482422,217.1999969482422,21438100.0
144,2020-05-20,1,1,220.0,221.1569976806641,210.5800018310547,216.7899932861328,216.7899932861328,38324100.0
145,2020-05-21,2,2,211.2899932861328,214.5800018310547,209.52999877929688,212.16000366210935,212.16000366210935,29850700.0
146,2020-05-22,1,2,203.22999572753903,204.8800048828125,198.9900054931641,199.6999969482422,199.6999969482422,51979300.0
147,2020-05-23,1,2,203.22999572753903,204.8800048828125,198.9900054931641,199.6999969482422,199.6999969482422,51979300.0
148,2020-05-26,1,2,205.94000244140625,206.8000030517578,201.0,201.72000122070312,201.72000122070312,28683200.0
149,2020-05-27,1,2,202.9900054931641,202.9900054931641,196.75,201.17999267578125,201.17999267578125,23605400.0
150,2020-05-29,1,1,200.0,207.8800048828125,196.6999969482422,207.38999938964844,207.38999938964844,43179500.0
151,2020-06-02,1,1,207.2100067138672,214.57000732421875,207.1699981689453,214.3300018310547,214.3300018310547,22485800.0
152,2020-06-06,1,1,207.2100067138672,214.57000732421875,207.1699981689453,214.3300018310547,214.3300018310547,22485800.0
153,2020-06-09,1,2,216.30999755859372,220.72000122070312,216.1999969482422,220.72000122070312,220.72000122070312,14140100.0
154,2020-06-11,2,2,218.0,219.9499969482422,213.55999755859372,215.2400054931641,215.2400054931641,15560300.0
155,2020-06-12,1,2,218.5,219.5,213.8800048828125,217.63999938964844,217.63999938964844,12716500.0
156,2020-06-13,1,2,218.5,219.5,213.8800048828125,217.63999938964844,217.63999938964844,12716500.0
157,2020-06-15,2,2,214.1100006103516,217.72000122070312,212.75,217.02999877929688,217.02999877929688,17419900.0
158,2020-06-18,0,0,223.7400054931641,226.02999877929688,222.9199981689453,223.5399932861328,223.5399932861328,10358800.0
159,2020-06-24,2,2,228.3000030517578,231.02999877929688,224.2519989013672,226.22000122070312,226.22000122070312,12159500.0
160,2020-06-25,2,1,224.58999633789065,224.69000244140625,220.8699951171875,222.16000366210935,222.16000366210935,14953100.0
161,2020-06-29,0,0,215.02999877929688,216.5,211.82000732421875,215.0200042724609,215.0200042724609,12333000.0
162,2020-06-30,1,2,215.7400054931641,216.42999267578125,212.88999938964844,215.6999969482422,215.6999969482422,12933800.0
163,2020-07-01,1,0,215.80999755859372,216.5500030517578,214.7400054931641,215.9499969482422,215.9499969482422,11788100.0
164,2020-07-02,2,2,221.8500061035156,225.0249938964844,220.05999755859372,223.6000061035156,223.6000061035156,18128700.0
165,2020-07-06,2,0,233.30999755859372,240.47999572753903,232.82000732421875,240.0,240.0,33702900.0
166,2020-07-07,0,2,241.00999450683597,241.3000030517578,236.1300048828125,236.50999450683597,236.50999450683597,16491600.0
167,2020-07-08,2,2,244.8600006103516,258.489990234375,244.0200042724609,257.67999267578125,257.67999267578125,39922700.0
168,2020-07-10,0,1,260.2099914550781,261.8999938964844,255.7100067138672,261.010009765625,261.010009765625,20335000.0
169,2020-07-13,1,0,261.45001220703125,265.6600036621094,250.67999267578125,251.6699981689453,251.6699981689453,21568700.0
170,2020-07-14,2,0,246.57000732421875,249.75,241.22999572753903,248.5800018310547,248.5800018310547,19782600.0
171,2020-07-16,1,0,241.7700042724609,245.0500030517578,240.7400054931641,242.5,242.5,18032100.0
172,2020-07-17,1,1,246.5500030517578,247.92999267578125,244.47999572753903,247.13999938964844,247.13999938964844,18742400.0
173,2020-07-20,1,0,256.45001220703125,257.6700134277344,252.42999267578125,254.80999755859372,254.80999755859372,19015000.0
174,2020-07-24,1,0,244.9600067138672,249.47999572753903,241.88999938964844,249.0,249.0,17221500.0
175,2020-07-25,2,0,244.9600067138672,249.47999572753903,241.88999938964844,249.0,249.0,17221500.0
176,2020-08-01,0,0,244.9600067138672,249.47999572753903,241.88999938964844,249.0,249.0,17221500.0
177,2020-08-02,2,2,244.9600067138672,249.47999572753903,241.88999938964844,249.0,249.0,17221500.0
178,2020-08-05,1,1,263.739990234375,265.9760131835937,261.7550048828125,264.9100036621094,264.9100036621094,10673800.0
179,2020-08-10,1,1,249.33999633789065,251.75,246.1000061035156,248.1300048828125,248.1300048828125,13621700.0
180,2020-08-14,2,2,255.4900054931641,255.7700042724609,251.63999938964844,253.97000122070312,253.97000122070312,7876400.0
181,2020-08-15,1,1,255.4900054931641,255.7700042724609,251.63999938964844,253.97000122070312,253.97000122070312,7876400.0
182,2020-08-16,1,1,255.4900054931641,255.7700042724609,251.63999938964844,253.97000122070312,253.97000122070312,7876400.0
183,2020-08-17,1,2,253.0,257.375,250.0850067138672,256.9599914550781,256.9599914550781,9760000.0
184,2020-08-19,1,1,260.8900146484375,261.2900085449219,257.3800048828125,260.5899963378906,260.5899963378906,14096500.0
185,2020-08-20,1,2,256.8900146484375,258.8800048828125,254.17999267578125,257.9700012207031,257.9700012207031,21460800.0
186,2020-08-21,1,2,259.0299987792969,267.42999267578125,258.3099975585937,265.79998779296875,265.79998779296875,25648200.0
187,2020-08-25,1,1,278.0599975585937,289.1199951171875,276.0400085449219,286.0,286.0,27535500.0
188,2020-08-26,1,2,289.260009765625,292.4800109863281,284.1000061035156,291.9599914550781,291.9599914550781,19530300.0
189,2020-08-28,1,2,285.0899963378906,289.5,283.57000732421875,289.0,289.0,9681500.0
190,2020-09-04,1,1,279.6000061035156,283.7799987792969,267.3900146484375,281.3900146484375,281.3900146484375,15885800.0
191,2020-09-07,2,2,279.6000061035156,283.7799987792969,267.3900146484375,281.3900146484375,281.3900146484375,15885800.0
192,2020-09-08,1,0,270.2300109863281,273.9700012207031,266.5899963378906,270.0199890136719,270.0199890136719,12734000.0
193,2020-09-16,0,2,281.0299987792969,283.6050109863281,278.0,278.1400146484375,278.1400146484375,9583500.0
194,2020-09-25,2,0,267.57000732421875,271.8099975585937,264.5599975585937,271.0899963378906,271.0899963378906,11466600.0
195,2020-09-28,0,1,275.5299987792969,278.8399963378906,274.1990051269531,276.010009765625,276.010009765625,8761700.0
196,2020-09-29,1,0,275.42999267578125,279.29998779296875,274.8999938964844,276.92999267578125,276.92999267578125,7673300.0
197,2020-09-30,1,0,284.010009765625,295.0,283.7099914550781,293.9800109863281,293.9800109863281,24777700.0
198,2020-10-01,2,1,295.260009765625,295.5899963378906,288.25,290.04998779296875,290.04998779296875,16304000.0
199,2020-10-05,1,2,289.0599975585937,290.0,284.8800048828125,288.2699890136719,288.2699890136719,17876400.0
200,2020-10-06,1,2,287.4100036621094,296.8399963378906,286.9100036621094,292.3900146484375,292.3900146484375,15860400.0
201,2020-10-08,1,2,298.1099853515625,302.29998779296875,295.4410095214844,300.5400085449219,300.5400085449219,15105800.0
202,2020-10-15,1,1,293.79998779296875,299.8630065917969,292.6099853515625,299.4599914550781,299.4599914550781,9709900.0
203,2020-10-18,1,0,293.79998779296875,299.8630065917969,292.6099853515625,299.4599914550781,299.4599914550781,9709900.0
204,2020-10-19,1,2,309.8900146484375,313.8099975585937,303.4100036621094,305.2900085449219,305.2900085449219,14107300.0
205,2020-10-20,1,2,307.6000061035156,311.79998779296875,307.0599975585937,309.8099975585937,309.8099975585937,8806100.0
206,2020-10-22,2,2,311.4599914550781,311.8500061035156,304.2099914550781,306.2799987792969,306.2799987792969,8008400.0
207,2020-10-26,1,1,309.9200134277344,315.4599914550781,303.20001220703125,306.8699951171875,306.8699951171875,9350100.0
208,2020-10-31,1,1,309.9200134277344,315.4599914550781,303.20001220703125,306.8699951171875,306.8699951171875,9350100.0
209,2020-11-01,2,0,309.9200134277344,315.4599914550781,303.20001220703125,306.8699951171875,306.8699951171875,9350100.0
210,2020-11-02,1,1,310.95001220703125,311.44000244140625,305.3900146484375,310.8399963378906,310.8399963378906,11857600.0
211,2020-11-03,1,0,286.20001220703125,294.2799987792969,280.7799987792969,285.57000732421875,285.57000732421875,58132500.0
212,2020-11-04,1,0,287.7900085449219,299.1700134277344,285.29998779296875,295.7099914550781,295.7099914550781,28791200.0
213,2020-11-05,2,2,289.0899963378906,291.25,279.6000061035156,287.75,287.75,50065200.0
214,2020-11-06,2,0,291.489990234375,300.8900146484375,289.7860107421875,299.95001220703125,299.95001220703125,25259600.0
215,2020-11-09,2,2,303.7699890136719,304.0,290.5,290.5299987792969,290.5299987792969,22559900.0
216,2020-11-10,1,2,279.9700012207031,280.0,264.3299865722656,266.5400085449219,266.5400085449219,61064000.0
217,2020-11-11,1,2,261.9200134277344,271.9200134277344,261.2049865722656,265.6499938964844,265.6499938964844,41699000.0
218,2020-11-12,1,2,271.0400085449219,271.20001220703125,263.0400085449219,264.3099975585937,264.3099975585937,27119100.0
219,2020-11-13,1,1,264.7200012207031,265.44000244140625,257.1700134277344,260.8399963378906,260.8399963378906,33942800.0
220,2020-11-16,1,1,260.4200134277344,262.57000732421875,257.0299987792969,258.3099975585937,258.3099975585937,20864200.0
221,2020-11-20,0,0,263.9700012207031,272.3699951171875,261.8999938964844,270.739990234375,270.739990234375,34178400.0
222,2020-11-23,1,2,274.75,275.7300109863281,266.4110107421875,270.1099853515625,270.1099853515625,25317100.0
223,2020-11-25,2,2,275.70001220703125,279.3299865722656,274.04998779296875,277.7200012207031,277.7200012207031,15229300.0
224,2020-11-27,1,1,278.79998779296875,278.9200134277344,275.6659851074219,276.4800109863281,276.4800109863281,9583200.0
225,2020-11-29,2,2,278.79998779296875,278.9200134277344,275.6659851074219,276.4800109863281,276.4800109863281,9583200.0
226,2020-12-07,1,2,265.70001220703125,265.9700012207031,262.6000061035156,264.0,264.0,11388700.0
227,2020-12-08,1,1,265.20001220703125,268.3999938964844,263.8699951171875,266.0899963378906,266.0899963378906,9447700.0
228,2020-12-11,0,2,264.2900085449219,265.32000732421875,262.5,264.5400085449219,264.5400085449219,7771300.0
229,2020-12-13,2,2,264.2900085449219,265.32000732421875,262.5,264.5400085449219,264.5400085449219,7771300.0
230,2020-12-14,1,2,260.32000732421875,260.8550109863281,256.0299987792969,256.0299987792969,256.0299987792969,18369900.0
231,2020-12-15,1,2,255.33999633789065,255.67999267578125,252.3000030517578,255.1100006103516,255.1100006103516,16595600.0
232,2020-12-18,1,0,263.8999938964844,264.8999938964844,259.20001220703125,260.0,260.0,15981800.0
233,2020-12-21,1,2,255.1699981689453,260.4599914550781,254.5,260.42999267578125,260.42999267578125,10901800.0
234,2020-12-23,1,1,255.5,257.3500061035156,252.52999877929688,256.17999267578125,256.17999267578125,10729200.0
235,2020-12-24,1,1,228.2350006103516,229.8999938964844,211.22999572753903,222.0,222.0,141830000.0
236,2020-12-26,1,2,228.2350006103516,229.8999938964844,211.22999572753903,222.0,222.0,141830000.0
237,2020-12-27,1,2,228.2350006103516,229.8999938964844,211.22999572753903,222.0,222.0,141830000.0
238,2020-12-28,1,2,216.8800048828125,224.9900054931641,215.32000732421875,222.3600006103516,222.3600006103516,73512100.0
239,2020-12-29,1,0,231.75999450683597,239.19000244140625,229.6000061035156,236.25999450683597,236.25999450683597,69715900.0
240,2020-12-31,1,1,237.4600067138672,238.9199981689453,231.0269927978516,232.72999572753903,232.72999572753903,23451800.0
241,2021-01-01,1,1,237.4600067138672,238.9199981689453,231.0269927978516,232.72999572753903,232.72999572753903,23451800.0
242,2021-01-05,1,1,229.0500030517578,240.75999450683597,228.1199951171875,240.3999938964844,240.3999938964844,35823800.0
243,2021-01-06,1,1,234.9499969482422,238.3000030517578,225.8600006103516,227.6100006103516,227.6100006103516,37146100.0
244,2021-01-08,2,0,227.8800048828125,238.6000061035156,226.68299865722656,236.19000244140625,236.19000244140625,34884900.0
245,2021-01-09,1,1,227.8800048828125,238.6000061035156,226.68299865722656,236.19000244140625,236.19000244140625,34884900.0
246,2021-01-10,1,1,227.8800048828125,238.6000061035156,226.68299865722656,236.19000244140625,236.19000244140625,34884900.0
247,2021-01-11,1,2,229.8999938964844,230.8249969482422,225.8600006103516,227.3699951171875,227.3699951171875,23036900.0
248,2021-01-13,0,2,229.94000244140625,240.4900054931641,226.2899932861328,235.3000030517578,235.3000030517578,38805100.0
249,2021-01-14,0,2,245.30999755859372,245.6999969482422,241.47000122070312,242.97999572753903,242.97999572753903,31381600.0
250,2021-01-15,1,2,246.25,246.9900054931641,242.1499938964844,243.4600067138672,243.4600067138672,21561600.0
251,2021-01-20,0,0,267.5,269.0,262.70001220703125,265.489990234375,265.489990234375,44640800.0
252,2021-01-27,2,1,265.1300048828125,265.9200134277344,259.95001220703125,260.25,260.25,16050400.0
253,2021-02-01,0,0,258.79998779296875,265.0,255.19500732421875,264.69000244140625,264.69000244140625,15289300.0
254,2021-02-02,2,2,264.57000732421875,265.0,254.0399932861328,254.5,254.5,30534300.0
255,2021-02-03,1,1,264.70001220703125,268.2799987792969,261.25,263.42999267578125,263.42999267578125,29179700.0
256,2021-02-07,0,0,264.70001220703125,268.2799987792969,261.25,263.42999267578125,263.42999267578125,29179700.0
257,2021-02-10,2,2,268.70001220703125,270.3999938964844,264.6000061035156,267.7900085449219,267.7900085449219,13090800.0
258,2021-02-12,1,2,269.0899963378906,270.25,265.67999267578125,267.8500061035156,267.8500061035156,9355100.0
259,2021-02-16,1,2,271.0,274.2900085449219,270.3999938964844,270.70001220703125,270.70001220703125,16708700.0
260,2021-02-20,2,2,271.0,274.2900085449219,270.3999938964844,270.70001220703125,270.70001220703125,16708700.0
261,2021-02-27,2,0,271.0,274.2900085449219,270.3999938964844,270.70001220703125,270.70001220703125,16708700.0
262,2021-03-02,1,2,238.7899932861328,241.1999969482422,234.2700042724609,234.4199981689453,234.4199981689453,14644200.0
263,2021-03-11,1,1,237.1999969482422,241.72000122070312,235.0,240.8000030517578,240.8000030517578,15162500.0
264,2021-03-12,1,1,233.69500732421875,235.4499969482422,229.70599365234372,231.8699951171875,231.8699951171875,17778400.0
265,2021-03-15,0,0,228.41000366210935,230.4499969482422,226.25999450683597,230.27999877929688,230.27999877929688,14499700.0
266,2021-03-17,1,0,226.5,235.6300048828125,225.80999755859372,233.33999633789065,233.33999633789065,16949500.0
267,2021-03-19,1,2,239.66000366210935,241.6000061035156,236.88400268554688,239.7899932861328,239.7899932861328,15959700.0
268,2021-04-03,2,2,239.66000366210935,241.6000061035156,236.88400268554688,239.7899932861328,239.7899932861328,15959700.0
269,2021-04-05,1,2,226.52999877929688,226.57000732421875,222.5200042724609,225.3000030517578,225.3000030517578,14962100.0
270,2021-04-09,2,0,224.8500061035156,225.07000732421875,221.32000732421875,223.30999755859372,223.30999755859372,19763000.0
271,2021-04-10,1,0,224.8500061035156,225.07000732421875,221.32000732421875,223.30999755859372,223.30999755859372,19763000.0
272,2021-04-11,2,1,224.8500061035156,225.07000732421875,221.32000732421875,223.30999755859372,223.30999755859372,19763000.0
273,2021-04-12,2,0,237.88999938964844,244.91000366210935,236.6499938964844,244.00999450683597,244.00999450683597,57500300.0
274,2021-04-13,2,0,243.66000366210935,245.69000244140625,239.69000244140625,241.88999938964844,241.88999938964844,20793000.0
275,2021-04-15,2,0,240.0,240.9499969482422,238.1269989013672,239.08999633789065,239.08999633789065,11288900.0
276,2021-04-16,1,0,241.88999938964844,241.88999938964844,237.82000732421875,238.69000244140625,238.69000244140625,14418800.0
277,2021-04-19,2,0,237.44000244140625,238.4199981689453,232.80999755859372,234.77999877929688,234.77999877929688,11216000.0
278,2021-04-23,2,0,230.6499938964844,233.0,230.50999450683597,232.0800018310547,232.0800018310547,8967000.0
279,2021-05-02,2,2,230.6499938964844,233.0,230.50999450683597,232.0800018310547,232.0800018310547,8967000.0
280,2021-05-04,1,2,230.25,231.47999572753903,225.4499969482422,227.8999938964844,227.8999938964844,13260500.0
281,2021-05-07,0,0,227.8999938964844,228.7899932861328,225.0500030517578,225.30999755859372,225.30999755859372,10550000.0
282,2021-05-08,2,1,227.8999938964844,228.7899932861328,225.0500030517578,225.30999755859372,225.30999755859372,10550000.0
283,2021-05-12,0,0,224.7400054931641,225.2899932861328,219.0,219.8999938964844,219.8999938964844,20366900.0
284,2021-05-13,0,0,213.1499938964844,215.5,204.38999938964844,206.0800018310547,206.0800018310547,51693900.0
285,2021-05-14,1,1,209.9239959716797,210.94000244140625,206.0200042724609,209.50999450683597,209.50999450683597,31626800.0
286,2021-05-18,1,1,212.5,215.1699981689453,211.4199981689453,213.72000122070312,213.72000122070312,19519400.0
287,2021-05-21,1,1,215.22999572753903,215.88999938964844,209.8699951171875,211.05999755859372,211.05999755859372,22825500.0
288,2021-05-22,1,1,215.22999572753903,215.88999938964844,209.8699951171875,211.05999755859372,211.05999755859372,22825500.0
289,2021-05-31,2,2,215.22999572753903,215.88999938964844,209.8699951171875,211.05999755859372,211.05999755859372,22825500.0
290,2021-06-01,1,2,223.0200042724609,223.1300048828125,218.2400054931641,219.47999572753903,219.47999572753903,23052800.0
291,2021-06-07,2,2,218.0,218.3999938964844,215.69000244140625,216.8999938964844,216.8999938964844,9928600.0
292,2021-06-18,1,2,212.00999450683597,213.83999633789065,210.58999633789065,212.3000030517578,212.3000030517578,13724600.0
293,2021-06-22,2,0,210.4199981689453,211.66000366210935,209.8600006103516,211.32000732421875,211.32000732421875,11092100.0
294,2021-07-07,0,1,211.6100006103516,212.0500030517578,207.82000732421875,208.0,208.0,18340400.0
295,2021-07-08,1,1,201.7100067138672,202.27999877929688,198.25999450683597,199.8500061035156,199.8500061035156,33992500.0
296,2021-07-10,1,1,201.7100067138672,202.27999877929688,198.25999450683597,199.8500061035156,199.8500061035156,33992500.0
297,2021-07-13,1,1,209.22999572753903,212.80999755859372,208.19000244140625,209.50999450683597,209.50999450683597,17375900.0
298,2021-07-14,1,1,215.5,216.3500061035156,211.02999877929688,211.5,211.5,19484200.0
299,2021-07-15,1,1,215.1100006103516,216.6000061035156,213.16099548339844,214.75999450683597,214.75999450683597,14283600.0
300,2021-07-22,1,1,212.63999938964844,216.38999938964844,212.6000061035156,214.0399932861328,214.0399932861328,10563100.0
301,2021-07-24,1,1,212.63999938964844,216.38999938964844,212.6000061035156,214.0399932861328,214.0399932861328,10563100.0
302,2021-07-26,2,0,198.3699951171875,198.5749969482422,190.8800048828125,191.75999450683597,191.75999450683597,55736800.0
303,2021-07-27,2,0,183.58999633789065,186.8999938964844,179.6699981689453,186.07000732421875,186.07000732421875,59265700.0
304,2021-07-28,1,2,190.22999572753903,198.0,189.75999450683597,196.00999450683597,196.00999450683597,34535200.0
305,2021-07-29,1,2,201.0449981689453,201.13999938964844,194.91000366210935,197.5399932861328,197.5399932861328,23363200.0
306,2021-07-30,1,0,190.5800018310547,196.0449981689453,190.4900054931641,195.19000244140625,195.19000244140625,17250600.0
307,2021-07-31,1,1,190.5800018310547,196.0449981689453,190.4900054931641,195.19000244140625,195.19000244140625,17250600.0
308,2021-08-02,1,1,196.2700042724609,202.07000732421875,196.25,200.08999633789065,200.08999633789065,17889200.0
309,2021-08-03,1,0,195.00999450683597,197.44000244140625,192.0,197.3800048828125,197.3800048828125,20115900.0
310,2021-08-04,1,2,197.4900054931641,203.2749938964844,196.91000366210935,200.7100067138672,200.7100067138672,22327300.0
311,2021-08-05,1,2,199.2700042724609,200.2899932861328,197.63999938964844,199.27999877929688,199.27999877929688,9881400.0
312,2021-08-06,2,0,199.25,199.32000732421875,195.67999267578125,196.38999938964844,196.38999938964844,11967700.0
313,2021-08-08,2,0,199.25,199.32000732421875,195.67999267578125,196.38999938964844,196.38999938964844,11967700.0
314,2021-08-10,1,0,197.2700042724609,198.4499969482422,195.072998046875,195.72999572753903,195.72999572753903,9983700.0
315,2021-08-13,1,1,188.6100006103516,189.25999450683597,186.7100067138672,188.6199951171875,188.6199951171875,15377000.0
316,2021-08-14,1,1,188.6100006103516,189.25999450683597,186.7100067138672,188.6199951171875,188.6199951171875,15377000.0
317,2021-08-17,1,1,175.9199981689453,177.88999938964844,173.14999389648438,173.72999572753906,173.72999572753906,40558000.0
318,2021-08-20,0,0,164.1199951171875,166.92999267578125,155.5,157.9600067138672,157.9600067138672,75948900.0
319,2021-08-21,1,0,164.1199951171875,166.92999267578125,155.5,157.9600067138672,157.9600067138672,75948900.0
320,2021-08-24,0,1,169.0399932861328,174.15199279785156,168.1580047607422,171.6999969482422,171.6999969482422,62786400.0
321,2021-08-30,2,0,160.1699981689453,163.2899932861328,158.22999572753906,162.2899932861328,162.2899932861328,23769400.0
322,2021-09-02,1,0,178.00999450683594,178.17999267578125,171.6699981689453,172.0,172.0,29302400.0
323,2021-09-03,1,0,169.52499389648438,172.05999755859375,168.8800048828125,170.3000030517578,170.3000030517578,16423500.0
324,2021-09-04,1,2,169.52499389648438,172.05999755859375,168.8800048828125,170.3000030517578,170.3000030517578,16423500.0
325,2021-09-12,1,0,169.52499389648438,172.05999755859375,168.8800048828125,170.3000030517578,170.3000030517578,16423500.0
326,2021-09-13,2,0,164.49000549316406,166.86199951171875,163.02000427246094,165.41000366210938,165.41000366210938,15458600.0
327,2021-09-14,1,2,162.86000061035156,163.06900024414062,159.47999572753906,160.14999389648438,160.14999389648438,20925900.0
328,2021-09-15,2,0,157.9499969482422,158.02999877929688,153.9199981689453,157.86000061035156,157.86000061035156,31796600.0
329,2021-09-17,1,1,158.47999572753906,160.3800048828125,158.08999633789062,160.0500030517578,160.0500030517578,25489000.0
330,2021-09-20,2,0,154.39999389648438,155.13999938964844,149.08999633789062,151.49000549316406,151.49000549316406,36177500.0
331,2021-09-28,0,0,152.16000366210938,153.72999572753906,148.86000061035156,152.38999938964844,152.38999938964844,26299600.0
332,2021-09-29,2,2,150.4600067138672,152.10000610351562,147.47999572753906,147.5800018310547,147.5800018310547,17361300.0
333,2021-10-01,0,0,147.08999633789062,148.4499969482422,143.33999633789062,144.1999969482422,144.1999969482422,20211000.0
334,2021-10-04,1,1,141.6999969482422,141.89999389648438,138.42999267578125,139.6300048828125,139.6300048828125,25218500.0
335,2021-10-07,1,2,151.0500030517578,158.2899932861328,150.75,156.0,156.0,46035900.0
336,2021-10-08,1,1,159.86000061035156,162.77999877929688,157.91000366210938,161.52000427246094,161.52000427246094,33499200.0
337,2021-10-10,2,2,159.86000061035156,162.77999877929688,157.91000366210938,161.52000427246094,161.52000427246094,33499200.0
338,2021-10-11,2,2,169.61000061035156,169.8000030517578,163.9499969482422,163.9499969482422,163.9499969482422,42193600.0
339,2021-10-12,1,0,163.8249969482422,165.72999572753906,162.24000549316406,163.0,163.0,24512700.0
340,2021-10-16,2,0,163.8249969482422,165.72999572753906,162.24000549316406,163.0,163.0,24512700.0
341,2021-10-19,2,0,170.60000610351562,177.44000244140625,170.4499969482422,177.0,177.0,33538900.0
342,2021-10-20,2,0,180.9499969482422,182.08999633789065,176.1300048828125,177.17999267578125,177.17999267578125,33714400.0
343,2021-10-22,0,2,179.0800018310547,182.08999633789065,175.80999755859375,177.6999969482422,177.6999969482422,20807300.0
344,2021-10-25,1,1,177.86000061035156,178.27999877929688,173.8300018310547,176.1699981689453,176.1699981689453,13119700.0
345,2021-10-27,1,2,167.52999877929688,172.4499969482422,167.33999633789062,169.22999572753906,169.22999572753906,11801800.0
346,2021-10-30,0,0,167.52999877929688,172.4499969482422,167.33999633789062,169.22999572753906,169.22999572753906,11801800.0
347,2021-10-31,2,0,167.52999877929688,172.4499969482422,167.33999633789062,169.22999572753906,169.22999572753906,11801800.0
348,2021-11-11,2,0,166.55999755859375,169.6300048828125,166.55999755859375,167.85000610351562,167.85000610351562,16747500.0
349,2021-11-12,2,0,165.1739959716797,167.8000030517578,163.39999389648438,166.80999755859375,166.80999755859375,13741800.0
350,2021-11-13,2,1,165.1739959716797,167.8000030517578,163.39999389648438,166.80999755859375,166.80999755859375,13741800.0
351,2021-11-14,1,2,165.1739959716797,167.8000030517578,163.39999389648438,166.80999755859375,166.80999755859375,13741800.0
352,2021-11-15,1,1,167.22000122070312,168.4600067138672,165.6699981689453,166.5399932861328,166.5399932861328,9655700.0
353,2021-11-16,1,2,168.60000610351562,169.94000244140625,166.6699981689453,168.42999267578125,168.42999267578125,11887500.0
354,2021-11-17,0,2,168.02000427246094,168.3000030517578,161.13499450683594,161.5800018310547,161.5800018310547,18829500.0
355,2021-11-18,2,0,146.91000366210938,148.5,141.88999938964844,143.60000610351562,143.60000610351562,61571500.0
356,2021-11-19,1,0,143.0399932861328,145.05999755859375,140.0,140.33999633789062,140.33999633789062,28575700.0
357,2021-11-20,2,0,143.0399932861328,145.05999755859375,140.0,140.33999633789062,140.33999633789062,28575700.0
358,2021-11-22,1,2,139.89999389648438,140.6999969482422,135.2100067138672,136.6199951171875,136.6199951171875,26390400.0
359,2021-11-23,1,2,136.03199768066406,136.85000610351562,133.30999755859375,133.66000366210938,133.66000366210938,24102900.0
360,2021-11-24,1,2,133.10000610351562,136.75999450683594,131.22000122070312,136.52000427246094,136.52000427246094,20010400.0
361,2021-11-25,1,1,133.10000610351562,136.75999450683594,131.22000122070312,136.52000427246094,136.52000427246094,20010400.0
362,2021-11-28,1,2,133.10000610351562,136.75999450683594,131.22000122070312,136.52000427246094,136.52000427246094,20010400.0
363,2021-11-29,1,0,134.25,134.5500030517578,130.5500030517578,131.61000061035156,131.61000061035156,18648900.0
364,2021-12-03,1,1,118.0,118.19000244140624,108.6999969482422,111.95999908447266,111.95999908447266,70266500.0
365,2021-12-05,0,2,118.0,118.19000244140624,108.6999969482422,111.95999908447266,111.95999908447266,70266500.0
366,2021-12-06,1,2,113.63999938964844,123.81999969482422,113.43000030517578,123.5999984741211,123.5999984741211,43111400.0
367,2021-12-07,0,1,129.3000030517578,129.4499969482422,123.45999908447266,125.54000091552734,125.54000091552734,38542800.0
368,2021-12-08,1,2,123.20999908447266,126.97000122070312,121.31999969482422,125.08000183105467,125.08000183105467,22275000.0
369,2021-12-09,2,2,124.62999725341795,127.76000213623048,123.21199798583984,123.91000366210938,123.91000366210938,23499300.0
370,2021-12-10,2,0,123.22000122070312,125.20999908447266,122.77999877929688,125.05999755859376,125.05999755859376,15008300.0
371,2021-12-15,2,0,122.62999725341795,123.58999633789062,117.7699966430664,122.47000122070312,122.47000122070312,24893500.0
372,2021-12-17,2,0,119.48999786376952,122.87000274658205,117.80999755859376,122.0999984741211,122.0999984741211,19781100.0
373,2021-12-19,1,2,119.48999786376952,122.87000274658205,117.80999755859376,122.0999984741211,122.0999984741211,19781100.0
374,2021-12-22,2,0,117.08999633789062,118.66000366210938,115.1500015258789,117.80999755859376,117.80999755859376,24502000.0
375,2021-12-23,2,0,116.8000030517578,119.58999633789062,115.38999938964844,118.66000366210938,118.66000366210938,17563300.0
376,2021-12-24,2,0,116.8000030517578,119.58999633789062,115.38999938964844,118.66000366210938,118.66000366210938,17563300.0
377,2021-12-27,2,0,117.8000030517578,121.8000030517578,116.10199737548828,116.58999633789062,116.58999633789062,17864400.0
378,2021-12-29,1,2,113.8000030517578,114.1999969482422,110.37999725341795,112.08999633789062,112.08999633789062,21100500.0
379,2021-12-31,1,1,121.2300033569336,122.91000366210938,118.58999633789062,118.79000091552734,118.79000091552734,24287000.0
380,2022-01-05,2,0,118.0,126.62000274658205,117.6999969482422,121.16000366210938,121.16000366210938,36651100.0
381,2022-01-06,2,2,124.26000213623048,128.39999389648438,123.46499633789062,126.62999725341795,126.62999725341795,32045800.0
382,2022-01-07,1,1,130.24000549316406,133.8800048828125,128.17999267578125,129.80999755859375,129.80999755859375,38113000.0
383,2022-01-10,2,0,131.99000549316406,132.60000610351562,126.2300033569336,128.3000030517578,128.3000030517578,23372200.0
384,2022-01-12,1,2,136.02000427246094,138.6999969482422,135.5850067138672,137.41000366210938,137.41000366210938,25961100.0
385,2022-01-13,1,0,135.1999969482422,135.9199981689453,131.3000030517578,131.3699951171875,131.3699951171875,19887700.0
386,2022-01-18,1,1,126.2699966430664,132.1300048828125,124.81999969482422,128.60000610351562,128.60000610351562,26122200.0
387,2022-01-19,1,0,128.10000610351562,130.86000061035156,127.12999725341795,127.73999786376952,127.73999786376952,14665200.0
388,2022-01-20,2,0,135.77000427246094,136.75,130.67999267578125,131.02999877929688,131.02999877929688,28966400.0
389,2022-01-26,0,0,120.93000030517578,120.93000030517578,112.96199798583984,113.37000274658205,113.37000274658205,27513200.0
390,2022-01-28,2,0,113.25,115.31999969482422,110.05999755859376,115.2300033569336,115.2300033569336,18892400.0
391,2022-02-04,2,2,121.2699966430664,123.94000244140624,119.66000366210938,122.22000122070312,122.22000122070312,13538200.0
392,2022-02-07,2,2,116.0999984741211,116.5500030517578,113.5999984741211,114.81999969482422,114.81999969482422,28589200.0
393,2022-02-08,0,0,118.16000366210938,122.23999786376952,116.8000030517578,121.9000015258789,121.9000015258789,22340500.0
394,2022-02-11,2,0,125.33499908447266,126.72000122070312,121.94000244140624,122.25,122.25,13889900.0
395,2022-02-13,2,0,125.33499908447266,126.72000122070312,121.94000244140624,122.25,122.25,13889900.0
396,2022-02-15,2,2,123.7699966430664,126.80500030517578,123.37799835205078,126.23999786376952,126.23999786376952,14634700.0
397,2022-02-18,2,2,120.87999725341795,120.87999725341795,117.1999969482422,118.98999786376952,118.98999786376952,21201400.0
398,2022-02-21,2,0,120.87999725341795,120.87999725341795,117.1999969482422,118.98999786376952,118.98999786376952,21201400.0
399,2022-02-22,1,0,114.0,114.8499984741211,112.05999755859376,112.93000030517578,112.93000030517578,21755100.0
400,2022-02-23,0,0,115.0999984741211,115.4000015258789,109.5999984741211,109.72000122070312,109.72000122070312,24489200.0
401,2022-02-24,1,1,100.0739974975586,108.9499969482422,100.0199966430664,108.93000030517578,108.93000030517578,35294700.0
402,2022-02-25,2,0,107.88999938964844,108.5500030517578,104.0,107.94000244140624,107.94000244140624,21428400.0
403,2022-02-28,2,0,105.97000122070312,107.48999786376952,103.63999938964844,105.19000244140624,105.19000244140624,23063500.0
404,2022-03-04,1,2,100.29000091552734,104.38999938964844,99.33000183105467,100.5999984741211,100.5999984741211,24574700.0
405,2022-03-10,1,1,95.19000244140624,95.6999969482422,90.81999969482422,92.91999816894533,92.91999816894533,37671200.0
406,2022-03-11,1,2,93.26000213623048,93.9499969482422,86.68000030517578,86.70999908447266,86.70999908447266,39341800.0
407,2022-03-14,1,0,80.69999694824219,82.44999694824219,77.08000183105469,77.76000213623047,77.76000213623047,69992600.0
408,2022-03-15,1,0,75.0999984741211,80.13999938964844,73.27999877929688,76.76000213623047,76.76000213623047,86209300.0
409,2022-03-16,2,0,92.0,105.73999786376952,87.12000274658203,104.9800033569336,104.9800033569336,159834300.0
410,2022-03-17,2,1,99.13999938964844,101.88999938964844,95.7699966430664,100.37000274658205,100.37000274658205,80663200.0
411,2022-03-18,0,0,100.5,111.73999786376952,99.5999984741211,108.3000030517578,108.3000030517578,83781800.0
412,2022-03-21,1,0,102.80999755859376,105.68000030517578,98.6999969482422,103.58999633789062,103.58999633789062,58882900.0
413,2022-03-22,2,0,114.01000213623048,118.23999786376952,112.37000274658205,114.98999786376952,114.98999786376952,88193400.0
414,2022-03-24,2,0,112.86000061035156,116.5,110.81999969482422,115.1500015258789,115.1500015258789,55850200.0
415,2022-03-25,0,0,110.52999877929688,113.86000061035156,109.4000015258789,112.98999786376952,112.98999786376952,42396500.0
416,2022-03-30,1,2,115.54000091552734,120.10199737548828,115.54000091552734,116.58000183105467,116.58000183105467,28381700.0
417,2022-03-31,2,2,115.02999877929688,115.08999633789062,108.70999908447266,108.8000030517578,108.8000030517578,31240200.0
418,2022-04-01,1,2,117.62000274658205,118.9499969482422,109.75,110.1999969482422,110.1999969482422,55873000.0
419,2022-04-04,0,0,115.6999969482422,118.22000122070312,113.375,117.5,117.5,39088500.0
420,2022-04-06,0,0,109.23999786376952,109.47000122070312,106.12000274658205,107.68000030517578,107.68000030517578,23739800.0
421,2022-04-07,2,2,106.68000030517578,107.52999877929688,102.61000061035156,104.2699966430664,104.2699966430664,26814300.0
422,2022-04-08,1,1,104.4800033569336,106.47000122070312,103.3290023803711,103.52999877929688,103.52999877929688,20814900.0
423,2022-04-11,2,2,101.08999633789062,103.91999816894533,99.16000366210938,101.5500030517578,101.5500030517578,23504100.0
424,2022-04-19,1,2,92.29000091552734,93.9499969482422,90.9499969482422,93.5,93.5,23870000.0
425,2022-04-25,2,2,82.69999694824219,86.16999816894531,81.80000305175781,85.83999633789062,85.83999633789062,24674000.0
426,2022-04-26,2,2,85.87000274658203,86.23999786376953,83.27999877929688,83.98999786376953,83.98999786376953,21194600.0
427,2022-04-29,0,0,101.52999877929688,103.5199966430664,96.66000366210938,97.08999633789062,97.08999633789062,44933400.0
428,2022-05-02,2,0,96.41000366210938,101.31999969482422,95.1500015258789,101.20999908447266,101.20999908447266,25479500.0
429,2022-05-03,1,2,100.12999725341795,102.69000244140624,99.43000030517578,100.37999725341795,100.37999725341795,15216100.0
430,2022-05-04,2,1,97.72000122070312,101.56999969482422,96.61000061035156,101.41000366210938,101.41000366210938,17740600.0
431,2022-05-12,2,0,80.68000030517578,83.12000274658203,78.01000213623047,81.08999633789062,81.08999633789062,23833100.0
432,2022-05-16,2,0,87.69999694824219,89.08000183105469,86.33999633789062,86.4800033569336,86.4800033569336,19644800.0
433,2022-05-17,1,0,92.75,94.4800033569336,89.54000091552734,91.98999786376952,91.98999786376952,27330300.0
434,2022-05-18,2,0,90.0,91.63999938964844,87.0,87.30999755859375,87.30999755859375,18991300.0
435,2022-05-19,2,0,86.18000030517578,90.08999633789062,85.73999786376953,87.69000244140625,87.69000244140625,20776400.0
436,2022-05-23,2,0,87.05999755859375,87.41500091552734,84.76000213623047,87.2300033569336,87.2300033569336,13998200.0
437,2022-05-24,0,0,84.98999786376953,85.12000274658203,81.54000091552734,82.47000122070312,82.47000122070312,15214400.0
438,2022-05-25,1,2,83.72000122070312,84.06999969482422,81.06999969482422,82.30999755859375,82.30999755859375,23093700.0
439,2022-05-26,2,0,87.30000305175781,95.08999633789062,86.7300033569336,94.4800033569336,94.4800033569336,50825000.0
440,2022-05-27,1,0,92.20999908447266,94.5,90.37000274658205,93.41000366210938,93.41000366210938,26716000.0
441,2022-05-30,1,0,92.20999908447266,94.5,90.37000274658205,93.41000366210938,93.41000366210938,26716000.0
442,2022-05-31,1,1,98.33000183105467,99.31999969482422,95.4499969482422,96.0500030517578,96.0500030517578,33790000.0
443,2022-06-01,1,2,95.9000015258789,96.93000030517578,91.87999725341795,93.37999725341795,93.37999725341795,23730900.0
444,2022-06-08,2,2,108.26000213623048,121.05500030517578,107.80999755859376,119.62000274658205,119.62000274658205,92337000.0
445,2022-06-09,2,2,115.0,118.22000122070312,109.44000244140624,109.9000015258789,109.9000015258789,72512300.0
446,2022-06-14,2,1,101.98999786376952,106.0749969482422,100.83000183105467,105.2300033569336,105.2300033569336,28567500.0
447,2022-06-16,1,1,102.79000091552734,104.91000366210938,100.51000213623048,101.4499969482422,101.4499969482422,22357800.0
448,2022-06-17,1,2,112.54000091552734,112.75,101.32599639892578,102.23999786376952,102.23999786376952,73019300.0
449,2022-06-18,0,0,112.54000091552734,112.75,101.32599639892578,102.23999786376952,102.23999786376952,73019300.0
450,2022-06-20,2,0,112.54000091552734,112.75,101.32599639892578,102.23999786376952,102.23999786376952,73019300.0
451,2022-06-24,1,2,115.3000030517578,118.08999633789062,114.3000030517578,117.62000274658205,117.62000274658205,27029900.0
452,2022-07-05,1,2,114.51000213623048,120.52999877929688,112.13999938964844,120.12999725341795,120.12999725341795,20989300.0
453,2022-07-06,0,0,118.93000030517578,120.0,115.51000213623048,119.12000274658205,119.12000274658205,20222700.0
454,2022-07-08,1,1,122.26000213623048,125.83999633789062,120.6999969482422,120.9000015258789,120.9000015258789,27221400.0
455,2022-07-11,1,1,115.45999908447266,115.58000183105467,109.33000183105467,109.56999969482422,109.56999969482422,31249900.0
456,2022-07-13,1,1,106.83999633789062,110.63999938964844,106.75,109.0999984741211,109.0999984741211,16861400.0
457,2022-07-14,2,1,107.8000030517578,108.54000091552734,100.70999908447266,103.76000213623048,103.76000213623048,35314900.0
458,2022-07-15,1,2,103.48999786376952,103.63999938964844,97.83999633789062,102.44000244140624,102.44000244140624,33572300.0
459,2022-07-18,0,0,105.87999725341795,106.95999908447266,102.9499969482422,103.13999938964844,103.13999938964844,20503400.0
460,2022-07-20,1,2,106.23999786376952,107.16000366210938,102.8499984741211,103.95999908447266,103.95999908447266,21897900.0
461,2022-07-23,2,0,106.23999786376952,107.16000366210938,102.8499984741211,103.95999908447266,103.95999908447266,21897900.0
462,2022-07-25,2,0,100.5,101.2699966430664,98.73999786376952,101.05999755859376,101.05999755859376,16604300.0
463,2022-07-26,0,0,104.30999755859376,105.25,100.80999755859376,101.44000244140624,101.44000244140624,28004300.0
464,2022-07-28,2,0,101.91999816894533,102.68000030517578,95.62000274658205,100.5500030517578,100.5500030517578,33875400.0
465,2022-07-29,0,0,94.22000122070312,94.22000122070312,89.11000061035156,89.37000274658203,89.37000274658203,59201800.0
466,2022-07-30,1,1,94.22000122070312,94.22000122070312,89.11000061035156,89.37000274658203,89.37000274658203,59201800.0
467,2022-07-31,1,1,94.22000122070312,94.22000122070312,89.11000061035156,89.37000274658203,89.37000274658203,59201800.0
468,2022-08-01,0,0,89.19000244140625,90.54000091552734,88.0,90.33999633789062,90.33999633789062,36050900.0
469,2022-08-02,0,2,88.19999694824219,94.87000274658205,88.19999694824219,92.62000274658205,92.62000274658205,34430500.0
470,2022-08-04,2,2,101.06999969482422,103.0,95.05999755859376,97.43000030517578,97.43000030517578,42517800.0
471,2022-08-05,2,0,93.06999969482422,94.16999816894533,90.7300033569336,92.55999755859376,92.55999755859376,27206100.0
472,2022-08-09,2,0,91.19000244140624,93.12000274658205,90.5999984741211,91.19000244140624,91.19000244140624,16744900.0
473,2022-08-10,1,0,91.16999816894533,92.9499969482422,88.55999755859375,92.43000030517578,92.43000030517578,17855400.0
474,2022-08-12,2,2,91.51000213623048,94.8000030517578,91.43000030517578,94.7699966430664,94.7699966430664,17846400.0
475,2022-08-14,1,2,91.51000213623048,94.8000030517578,91.43000030517578,94.7699966430664,94.7699966430664,17846400.0
476,2022-08-15,1,2,93.1999969482422,94.62999725341795,92.37999725341795,94.1999969482422,94.1999969482422,14425100.0
477,2022-08-16,1,2,92.69000244140624,93.56999969482422,91.4000015258789,92.6500015258789,92.6500015258789,12003200.0
478,2022-08-19,0,2,90.41000366210938,91.6500015258789,89.18000030517578,89.62999725341797,89.62999725341797,12364300.0
479,2022-08-22,1,0,89.56999969482422,90.87999725341795,89.30000305175781,90.02999877929688,90.02999877929688,15545000.0
480,2022-08-23,2,0,89.16999816894531,90.18000030517578,86.70999908447266,89.83000183105469,89.83000183105469,17345900.0
481,2022-08-25,1,1,96.05999755859376,101.02999877929688,94.9499969482422,99.88999938964844,99.88999938964844,39170600.0
482,2022-08-26,1,1,104.83999633789062,104.8499984741211,97.61000061035156,98.0,98.0,45773400.0
483,2022-08-27,2,0,104.83999633789062,104.8499984741211,97.61000061035156,98.0,98.0,45773400.0
484,2022-08-28,1,2,104.83999633789062,104.8499984741211,97.61000061035156,98.0,98.0,45773400.0
485,2022-08-30,1,2,95.86000061035156,96.97000122070312,92.62000274658205,93.83999633789062,93.83999633789062,17865800.0
486,2022-08-31,1,1,96.66000366210938,98.62000274658205,94.91999816894533,95.41000366210938,95.41000366210938,16169000.0
487,2022-09-02,1,2,91.7699966430664,93.66799926757812,90.7699966430664,91.8000030517578,91.8000030517578,12378900.0
488,2022-09-05,2,2,91.7699966430664,93.66799926757812,90.7699966430664,91.8000030517578,91.8000030517578,12378900.0
489,2022-09-06,1,2,89.31999969482422,89.47000122070312,87.80000305175781,88.44999694824219,88.44999694824219,15573500.0
490,2022-09-14,2,0,89.45999908447266,89.77999877929688,88.16999816894531,88.91999816894531,88.91999816894531,10843600.0
491,2022-09-19,0,0,85.0999984741211,87.76499938964844,85.0,87.66000366210938,87.66000366210938,12822100.0
492,2022-09-23,2,0,79.26000213623047,79.7699966430664,77.5999984741211,78.80000305175781,78.80000305175781,20492100.0
493,2022-09-29,2,0,78.05000305175781,79.19000244140625,76.73999786376953,79.05999755859375,79.05999755859375,17913600.0
494,2022-10-10,0,0,79.7699966430664,79.79000091552734,77.69999694824219,79.23999786376953,79.23999786376953,14070900.0
495,2022-10-14,1,2,76.05000305175781,76.13999938964844,72.77999877929688,73.0199966430664,73.0199966430664,13675300.0
496,2022-10-15,1,1,76.05000305175781,76.13999938964844,72.77999877929688,73.0199966430664,73.0199966430664,13675300.0
497,2022-10-17,0,0,75.1500015258789,77.87000274658203,75.11000061035156,76.7699966430664,76.7699966430664,14487400.0
498,2022-10-20,1,2,71.5999984741211,74.94000244140625,71.55000305175781,72.0199966430664,72.0199966430664,19173400.0
499,2022-10-23,2,0,71.5999984741211,74.94000244140625,71.55000305175781,72.0199966430664,72.0199966430664,19173400.0
500,2022-10-24,1,0,63.38999938964844,64.0999984741211,58.0099983215332,63.150001525878906,63.150001525878906,101023200.0
501,2022-10-25,2,2,65.08000183105469,66.17900085449219,61.2599983215332,63.220001220703125,63.220001220703125,69302400.0
502,2022-10-26,2,0,63.36000061035156,69.80000305175781,62.91999816894531,68.51000213623047,68.51000213623047,52957400.0
503,2022-10-28,1,1,63.20000076293945,64.1500015258789,61.81999969482422,63.7400016784668,63.7400016784668,28638000.0
504,2022-10-29,2,0,63.20000076293945,64.1500015258789,61.81999969482422,63.7400016784668,63.7400016784668,28638000.0
505,2022-10-31,2,0,63.4900016784668,64.8499984741211,63.220001220703125,63.58000183105469,63.58000183105469,20645300.0
506,2022-11-01,2,0,68.01000213623047,68.45099639892578,65.63999938964844,65.86000061035156,65.86000061035156,27257000.0
507,2022-11-04,1,0,71.16999816894531,71.63999938964844,67.44999694824219,69.80999755859375,69.80999755859375,51292200.0
508,2022-11-06,2,0,71.16999816894531,71.63999938964844,67.44999694824219,69.80999755859375,69.80999755859375,51292200.0
509,2022-11-07,0,0,71.30000305175781,71.87999725341797,68.6719970703125,69.70999908447266,69.70999908447266,26087600.0
510,2022-11-10,1,0,68.02999877929688,69.98999786376953,68.0,69.7699966430664,69.7699966430664,28757200.0
511,2022-11-11,1,2,72.31999969482422,72.69999694824219,69.30999755859375,70.7699966430664,70.7699966430664,38723400.0
512,2022-11-12,1,2,72.31999969482422,72.69999694824219,69.30999755859375,70.7699966430664,70.7699966430664,38723400.0
513,2022-11-13,2,2,72.31999969482422,72.69999694824219,69.30999755859375,70.7699966430664,70.7699966430664,38723400.0
514,2022-11-14,1,2,73.16000366210938,74.0,71.31999969482422,71.33000183105469,71.33000183105469,30310700.0
515,2022-11-15,2,2,78.93000030517578,80.37000274658203,77.80999755859375,79.30000305175781,79.30000305175781,53150500.0
516,2022-11-17,2,2,76.0,85.68000030517578,75.76000213623047,84.26000213623047,84.26000213623047,62050600.0
517,2022-11-18,2,0,82.1500015258789,82.5199966430664,79.86000061035156,80.4800033569336,80.4800033569336,29528300.0
518,2022-11-24,2,0,82.1500015258789,82.5199966430664,79.86000061035156,80.4800033569336,80.4800033569336,29528300.0
519,2022-11-25,0,0,75.5,76.05000305175781,74.91999816894531,75.5,75.5,13036900.0
520,2022-11-26,1,0,75.5,76.05000305175781,74.91999816894531,75.5,75.5,13036900.0
521,2022-11-27,1,2,75.5,76.05000305175781,74.91999816894531,75.5,75.5,13036900.0
522,2022-11-28,2,0,74.73999786376953,77.41699981689453,74.68000030517578,75.87999725341797,75.87999725341797,19107400.0
523,2022-11-29,1,0,80.23999786376953,80.88999938964844,79.44999694824219,79.86000061035156,79.86000061035156,24178100.0
524,2022-11-30,1,2,82.73999786376953,89.625,82.25,87.55999755859375,87.55999755859375,60169600.0
525,2022-12-01,2,2,84.3499984741211,87.5999984741211,84.26000213623047,85.94000244140625,85.94000244140625,20243000.0
526,2022-12-03,1,2,84.3499984741211,87.5999984741211,84.26000213623047,85.94000244140625,85.94000244140625,20243000.0
527,2022-12-05,2,2,92.9000015258789,92.9000015258789,89.62999725341797,90.5199966430664,90.5199966430664,30929800.0
528,2022-12-07,2,2,87.05999755859375,89.26000213623047,86.62000274658203,88.33000183105469,88.33000183105469,19507400.0
529,2022-12-08,1,2,91.97000122070312,94.33499908447266,91.08000183105467,94.16999816894533,94.16999816894533,29241500.0
530,2022-12-12,1,2,90.08999633789062,90.88899993896484,87.75,89.41000366210938,89.41000366210938,15190200.0
531,2022-12-14,1,1,91.05999755859376,91.26499938964844,89.5,90.91000366210938,90.91000366210938,15575500.0
532,2022-12-15,1,2,93.08999633789062,94.08000183105467,86.05000305175781,86.20999908447266,86.20999908447266,30419400.0
533,2022-12-19,2,2,89.75,89.77999877929688,86.5009994506836,87.16000366210938,87.16000366210938,20737000.0
534,2022-12-27,1,2,86.55000305175781,90.68900299072266,86.20999908447266,89.86000061035156,89.86000061035156,22959900.0
535,2023-01-04,1,2,98.8499984741211,104.5199966430664,96.97000122070312,103.91999816894533,103.91999816894533,53291800.0
536,2023-01-07,1,2,98.8499984741211,104.5199966430664,96.97000122070312,103.91999816894533,103.91999816894533,53291800.0
537,2023-01-09,1,2,111.98999786376952,113.11000061035156,108.12000274658205,110.83000183105467,110.83000183105467,42085300.0
538,2023-01-10,2,0,112.97000122070312,115.4800033569336,111.20999908447266,114.87999725341795,114.87999725341795,33478600.0
539,2023-01-11,2,2,114.5999984741211,115.20999908447266,112.30999755859376,115.0199966430664,115.0199966430664,22804400.0
540,2023-01-13,0,2,114.5199966430664,117.9800033569336,114.08999633789062,117.01000213623048,117.01000213623048,25615100.0
541,2023-01-16,1,2,114.5199966430664,117.9800033569336,114.08999633789062,117.01000213623048,117.01000213623048,25615100.0
542,2023-01-17,1,0,115.5199966430664,117.01000213623048,114.33999633789062,115.19000244140624,115.19000244140624,16945600.0
543,2023-01-18,0,0,116.75,116.75,113.04000091552734,113.22000122070312,113.22000122070312,15347900.0
544,2023-01-20,0,0,118.302001953125,120.05999755859376,117.8000030517578,119.86000061035156,119.86000061035156,18342700.0
545,2023-01-29,2,2,118.302001953125,120.05999755859376,117.8000030517578,119.86000061035156,119.86000061035156,18342700.0
546,2023-01-30,2,0,111.69000244140624,113.1500015258789,109.77999877929688,111.1999969482422,111.1999969482422,21918200.0
547,2023-02-03,1,0,108.0500030517578,109.52999877929688,105.80999755859376,106.33000183105467,106.33000183105467,15982200.0
548,2023-02-05,1,1,108.0500030517578,109.52999877929688,105.80999755859376,106.33000183105467,106.33000183105467,15982200.0
549,2023-02-06,2,0,103.81999969482422,106.27999877929688,103.22000122070312,105.4499969482422,105.4499969482422,15337500.0
550,2023-02-08,1,1,107.0999984741211,107.13999938964844,103.5500030517578,105.11000061035156,105.11000061035156,14329500.0
551,2023-02-09,1,0,108.5,109.80999755859376,107.75,108.45999908447266,108.45999908447266,16281300.0
552,2023-02-10,2,2,105.8000030517578,106.63999938964844,102.79000091552734,103.6500015258789,103.6500015258789,18776000.0
553,2023-02-11,1,2,105.8000030517578,106.63999938964844,102.79000091552734,103.6500015258789,103.6500015258789,18776000.0
554,2023-02-13,1,0,105.98999786376952,106.3499984741211,104.1500015258789,104.79000091552734,104.79000091552734,18538600.0
555,2023-02-14,2,0,103.5500030517578,104.4800033569336,101.8499984741211,104.22000122070312,104.22000122070312,12978400.0
556,2023-02-15,1,2,102.38999938964844,103.44000244140624,102.0,103.08000183105467,103.08000183105467,18230200.0
557,2023-02-17,2,0,101.0,101.08999633789062,99.25,100.01000213623048,100.01000213623048,18121600.0
558,2023-02-18,1,0,101.0,101.08999633789062,99.25,100.01000213623048,100.01000213623048,18121600.0
559,2023-02-19,1,1,101.0,101.08999633789062,99.25,100.01000213623048,100.01000213623048,18121600.0
560,2023-02-20,1,0,101.0,101.08999633789062,99.25,100.01000213623048,100.01000213623048,18121600.0
561,2023-02-23,2,0,100.0999984741211,100.47000122070312,92.12999725341795,94.16000366210938,94.16000366210938,40482900.0
562,2023-02-24,2,2,90.06999969482422,91.68000030517578,88.02999877929688,89.0,89.0,36174500.0
563,2023-02-28,0,0,88.45999908447266,89.33999633789062,87.2699966430664,87.79000091552734,87.79000091552734,24597200.0
564,2023-03-01,2,2,92.91999816894533,92.91999816894533,89.7300033569336,89.94999694824219,89.94999694824219,35434900.0
565,2023-03-03,1,1,90.11000061035156,90.45999908447266,88.4000015258789,89.69999694824219,89.69999694824219,25834300.0
566,2023-03-06,2,1,89.58499908447266,91.3000030517578,88.02999877929688,89.62000274658203,89.62000274658203,16983900.0
567,2023-03-08,2,2,87.38999938964844,87.7699966430664,86.44999694824219,86.94999694824219,86.94999694824219,14721500.0
568,2023-03-23,2,2,87.68000030517578,88.37999725341797,85.26000213623047,86.5199966430664,86.5199966430664,26861400.0
569,2023-03-27,1,1,87.12999725341797,88.22000122070312,85.5,86.12000274658203,86.12000274658203,18258300.0
570,2023-03-28,1,2,95.3499984741211,99.51000213623048,92.05999755859376,98.4000015258789,98.4000015258789,118875200.0
571,2023-03-29,2,0,97.58999633789062,101.33000183105467,96.27999877929688,99.91999816894533,99.91999816894533,53695000.0
572,2023-03-30,1,1,101.33999633789062,105.0500030517578,100.5,103.37999725341795,103.37999725341795,57780700.0
573,2023-03-31,1,1,102.86000061035156,103.5999984741211,101.13200378417967,102.18000030517578,102.18000030517578,28382600.0
574,2023-04-04,1,1,98.94000244140624,101.47000122070312,97.26000213623048,100.72000122070312,100.72000122070312,26868400.0
575,2023-04-11,1,2,102.45999908447266,102.54000091552734,99.1999969482422,99.76000213623048,99.76000213623048,19017700.0
576,2023-04-12,1,0,97.81999969482422,98.88999938964844,93.58000183105467,93.83999633789062,93.83999633789062,35516000.0
577,2023-04-13,1,2,95.875,97.19000244140624,95.09500122070312,96.16999816894533,96.16999816894533,24231700.0
578,2023-04-14,1,2,95.62999725341795,96.12000274658205,93.83999633789062,94.5500030517578,94.5500030517578,14098700.0
579,2023-04-18,1,2,99.0199966430664,99.16999816894533,95.18099975585938,95.48999786376952,95.48999786376952,20672300.0
580,2023-04-27,2,2,83.06999969482422,84.63999938964844,82.63999938964844,84.47000122070312,84.47000122070312,24506800.0
581,2023-05-09,0,0,80.54499816894531,82.66000366210938,80.1500015258789,82.22000122070312,82.22000122070312,13457400.0
582,2023-05-11,1,2,85.43000030517578,88.4800033569336,84.81999969482422,87.88999938964844,87.88999938964844,28104200.0
583,2023-05-12,1,1,86.70999908447266,86.70999908447266,84.76000213623047,85.33999633789062,85.33999633789062,19031400.0
584,2023-05-14,1,1,86.70999908447266,86.70999908447266,84.76000213623047,85.33999633789062,85.33999633789062,19031400.0
585,2023-05-16,1,1,87.11000061035156,89.37000274658203,87.05999755859375,88.76000213623047,88.76000213623047,18177900.0
586,2023-05-17,2,1,88.45999908447266,91.43000030517578,88.01000213623047,90.68000030517578,90.68000030517578,27670700.0
587,2023-05-18,1,0,90.80999755859376,91.0,85.0,85.7699966430664,85.7699966430664,60258600.0
588,2023-05-19,0,0,83.8499984741211,85.19999694824219,83.4800033569336,83.9800033569336,83.9800033569336,21538500.0
589,2023-05-20,1,2,83.8499984741211,85.19999694824219,83.4800033569336,83.9800033569336,83.9800033569336,21538500.0
590,2023-05-23,0,0,84.16000366210938,84.9749984741211,82.69999694824219,82.87999725341797,82.87999725341797,19917800.0
591,2023-05-24,2,0,82.16500091552734,82.5999984741211,80.87999725341797,81.20999908447266,81.20999908447266,17045800.0
592,2023-05-25,2,0,80.58999633789062,80.70999908447266,78.12000274658203,78.77999877929688,78.77999877929688,21811600.0
593,2023-05-26,0,0,79.9000015258789,81.56600189208984,78.4000015258789,80.97000122070312,80.97000122070312,16399200.0
594,2023-05-31,2,0,79.58000183105469,79.66500091552734,77.7699966430664,79.55000305175781,79.55000305175781,16206300.0
595,2023-06-02,0,2,85.08000183105469,86.02999877929688,84.13999938964844,84.2699966430664,84.2699966430664,17574200.0
596,2023-06-05,1,2,83.98999786376953,84.56999969482422,83.23999786376953,84.4000015258789,84.4000015258789,8204000.0
597,2023-06-09,0,0,86.05999755859375,86.83799743652344,85.06500244140625,85.5,85.5,12882700.0
598,2023-06-10,0,0,86.05999755859375,86.83799743652344,85.06500244140625,85.5,85.5,12882700.0
599,2023-06-13,1,2,87.95999908447266,89.22000122070312,87.25,87.51000213623047,87.51000213623047,16814100.0
600,2023-06-15,0,0,91.45999908447266,92.7699966430664,90.5999984741211,92.1999969482422,92.1999969482422,26570500.0
601,2023-06-19,0,0,91.45999908447266,92.7699966430664,90.5999984741211,92.1999969482422,92.1999969482422,26570500.0
602,2023-06-20,1,1,89.83000183105469,90.1999969482422,87.31999969482422,87.93000030517578,87.93000030517578,23382900.0
603,2023-06-21,2,2,87.37999725341797,89.16000366210938,86.62000274658203,86.7699966430664,86.7699966430664,15159900.0
604,2023-06-23,1,0,85.80999755859375,85.93800354003906,84.37000274658203,84.91999816894531,84.91999816894531,14830800.0
605,2023-06-27,0,0,86.81999969482422,87.61499786376953,86.71499633789062,87.12999725341797,87.12999725341797,13994500.0
606,2023-06-28,1,0,85.75,85.75,84.37999725341797,84.58999633789062,84.58999633789062,14113800.0
607,2023-06-29,0,0,83.38999938964844,83.98999786376953,83.0,83.55000305175781,83.55000305175781,13362500.0
608,2023-06-30,2,0,83.2300033569336,84.2300033569336,83.01000213623047,83.3499984741211,83.3499984741211,12154300.0
609,2023-07-07,1,0,86.76000213623047,91.56999969482422,86.62999725341797,90.5500030517578,90.5500030517578,46815900.0
610,2023-07-10,1,1,90.05000305175781,92.04000091552734,89.5999984741211,90.55999755859376,90.55999755859376,25401800.0
611,2023-07-11,2,2,91.0199966430664,92.31999969482422,89.01000213623047,91.79000091552734,91.79000091552734,20768800.0
612,2023-07-13,2,2,95.02999877929688,97.00499725341795,94.5999984741211,96.61000061035156,96.61000061035156,24021400.0
613,2023-07-14,0,0,95.22000122070312,96.08999633789062,94.23999786376952,94.55999755859376,94.55999755859376,18870000.0
614,2023-07-17,2,0,92.25,93.5500030517578,91.04000091552734,93.41000366210938,93.41000366210938,17317300.0
615,2023-07-18,2,0,91.54000091552734,92.20999908447266,90.1500015258789,91.1999969482422,91.1999969482422,20249700.0
616,2023-07-21,0,0,92.88999938964844,93.2300033569336,91.54000091552734,92.16999816894533,92.16999816894533,13882900.0
617,2023-07-24,1,2,92.06999969482422,97.46900177001952,91.3000030517578,96.3499984741211,96.3499984741211,33376100.0
618,2023-07-25,2,0,98.16999816894533,98.48999786376952,94.61000061035156,94.9800033569336,94.9800033569336,25827300.0
619,2023-07-26,1,1,94.9499969482422,97.54499816894533,94.83999633789062,97.13999938964844,97.13999938964844,15833400.0
620,2023-07-31,1,2,99.79000091552734,102.5,99.72000122070312,102.16000366210938,102.16000366210938,17726500.0
621,2023-08-02,0,0,97.72000122070312,97.73999786376952,94.55999755859376,95.06999969482422,95.06999969482422,19452300.0
622,2023-08-06,1,2,97.72000122070312,97.73999786376952,94.55999755859376,95.06999969482422,95.06999969482422,19452300.0
623,2023-08-08,0,0,93.51000213623048,94.4800033569336,92.9219970703125,94.22000122070312,94.22000122070312,13504700.0
624,2023-08-10,1,2,98.30999755859376,101.83999633789062,97.12000274658205,99.20999908447266,99.20999908447266,53193100.0
625,2023-08-11,2,0,97.33999633789062,97.6500015258789,94.33999633789062,95.72000122070312,95.72000122070312,25185600.0
626,2023-08-14,2,0,94.23999786376952,94.4499969482422,92.52999877929688,93.45999908447266,93.45999908447266,17581000.0
627,2023-08-15,1,0,93.0,93.01000213623048,90.74500274658205,91.58999633789062,91.58999633789062,14756300.0
628,2023-08-16,2,0,89.62999725341797,90.5,88.29000091552734,89.12000274658203,89.12000274658203,23292400.0
629,2023-08-17,2,0,91.94000244140624,91.9499969482422,90.26000213623048,90.6500015258789,90.6500015258789,15732300.0
630,2023-08-18,2,0,87.77999877929688,88.36000061035156,86.86000061035156,88.02999877929688,88.02999877929688,20391400.0
631,2023-08-22,2,0,89.27999877929688,89.48999786376953,87.86000061035156,88.08000183105469,88.08000183105469,11611600.0
632,2023-08-28,0,1,91.5,92.7699966430664,91.29000091552734,92.23999786376952,92.23999786376952,14613800.0
633,2023-08-29,1,2,93.4499969482422,94.09500122070312,92.33999633789062,94.02999877929688,94.02999877929688,16928000.0
634,2023-08-31,0,0,92.9800033569336,93.36000061035156,92.16000366210938,92.9000015258789,92.9000015258789,13332400.0
635,2023-09-04,1,2,92.9800033569336,93.36000061035156,92.16000366210938,92.9000015258789,92.9000015258789,13332400.0
636,2023-09-05,2,0,94.52999877929688,95.39199829101562,94.06999969482422,94.6500015258789,94.6500015258789,10097600.0
637,2023-09-07,0,0,91.63999938964844,91.76000213623048,88.95500183105469,89.97000122070312,89.97000122070312,18667200.0
638,2023-09-08,2,0,89.5999984741211,90.3000030517578,88.7300033569336,90.05000305175781,90.05000305175781,10333300.0
639,2023-09-10,1,1,89.5999984741211,90.3000030517578,88.7300033569336,90.05000305175781,90.05000305175781,10333300.0
640,2023-09-11,2,2,89.7300033569336,90.3499984741211,87.70999908447266,88.70999908447266,88.70999908447266,15773500.0
641,2023-09-12,1,1,88.19000244140625,89.95999908447266,88.18000030517578,88.30000305175781,88.30000305175781,10262500.0
642,2023-09-13,1,1,87.94000244140625,88.29000091552734,87.38200378417969,87.63999938964844,87.63999938964844,10634900.0
643,2023-09-14,1,0,88.55000305175781,88.5999984741211,87.44000244140625,88.0,88.0,8643100.0
644,2023-09-15,1,2,87.7699966430664,88.22000122070312,86.81999969482422,87.06999969482422,87.06999969482422,10130900.0
645,2023-09-18,1,1,86.1500015258789,87.16999816894531,85.3949966430664,87.0199966430664,87.0199966430664,9291600.0
646,2023-09-19,2,0,86.12000274658203,87.87999725341797,86.08000183105469,87.11000061035156,87.11000061035156,9247000.0
647,2023-09-21,0,2,83.86000061035156,84.7750015258789,83.76000213623047,84.11000061035156,84.11000061035156,10622200.0
648,2023-09-22,2,2,87.36499786376953,88.875,87.11000061035156,88.30000305175781,88.30000305175781,22469600.0
649,2023-09-25,2,0,85.87999725341797,87.2699966430664,85.7699966430664,87.22000122070312,87.22000122070312,9897200.0
650,2023-09-26,1,1,86.45999908447266,87.06999969482422,85.69999694824219,85.91000366210938,85.91000366210938,9666600.0
651,2023-09-27,2,2,86.37999725341797,86.55000305175781,85.30000305175781,86.19000244140625,86.19000244140625,7233900.0
652,2023-09-29,1,2,87.29000091552734,87.94999694824219,86.6050033569336,86.73999786376953,86.73999786376953,9647300.0
653,2023-10-05,1,1,83.5199966430664,83.70999908447266,82.44999694824219,83.66999816894531,83.66999816894531,10334500.0
654,2023-10-10,1,2,85.66999816894531,87.73999786376953,85.56999969482422,87.16999816894531,87.16999816894531,13557800.0
655,2023-10-13,1,2,84.05999755859375,85.48999786376953,83.75,84.0199966430664,84.0199966430664,10325500.0
656,2023-10-16,2,0,83.69999694824219,84.96499633789062,82.62999725341797,84.30999755859375,84.30999755859375,10075300.0
657,2023-10-17,2,2,82.75,84.36000061035156,82.55999755859375,83.91000366210938,83.91000366210938,8270000.0
658,2023-10-18,2,2,82.95999908447266,83.7300033569336,82.76000213623047,83.01000213623047,83.01000213623047,9321600.0
659,2023-10-27,2,2,83.87000274658203,84.12000274658203,82.4800033569336,82.81999969482422,82.81999969482422,10795600.0
660,2023-10-30,2,2,83.62999725341797,84.23999786376953,83.01100158691406,83.13999938964844,83.13999938964844,8980500.0
661,2023-10-31,0,0,81.94000244140625,82.54000091552734,80.87999725341797,82.54000091552734,82.54000091552734,12094300.0
662,2023-11-01,0,0,81.70500183105469,82.48999786376953,81.20999908447266,82.4800033569336,82.4800033569336,9550000.0
663,2023-11-02,2,2,83.6500015258789,83.9800033569336,83.02999877929688,83.41000366210938,83.41000366210938,10556100.0
